C.1	B.1.1.1.1
C.1.1	B.1.1.1.1.1
C.1.2	B.1.1.1.1.2
C.2	B.1.1.1.2
C.2.1	B.1.1.1.2.1
C.3	B.1.1.1.3
C.4	B.1.1.1.4
C.5	B.1.1.1.5
C.7	B.1.1.1.7
C.8	B.1.1.1.8
C.9	B.1.1.1.9
C.11	B.1.1.1.11
C.12	B.1.1.1.12
C.13	B.1.1.1.13
C.14	B.1.1.1.14
C.16	B.1.1.1.16
C.17	B.1.1.1.17
C.18	B.1.1.1.18
C.19	B.1.1.1.19
C.20	B.1.1.1.20
C.21	B.1.1.1.21
C.22	B.1.1.1.22
C.23	B.1.1.1.23
C.25	B.1.1.1.25
C.26	B.1.1.1.26
C.27	B.1.1.1.27
C.28	B.1.1.1.28
C.29	B.1.1.1.29
C.30	B.1.1.1.30
C.30.1	B.1.1.1.30.1
C.31	B.1.1.1.31
C.32	B.1.1.1.32
C.33	B.1.1.1.33
C.34	B.1.1.1.34
C.35	B.1.1.1.35
C.36	B.1.1.1.36
C.36.1	B.1.1.1.36.1
C.36.2	B.1.1.1.36.2
C.36.3	B.1.1.1.36.3
C.36.3.1	B.1.1.1.36.3.1
C.37	B.1.1.1.37
C.37.1	B.1.1.1.37.1
C.38	B.1.1.1.38
C.39	B.1.1.1.39
C.40	B.1.1.1.40
Q.1	B.1.1.7.1
Q.2	B.1.1.7.2
Q.3	B.1.1.7.3
Q.4	B.1.1.7.4
Q.5	B.1.1.7.5
Q.6	B.1.1.7.6
Q.7	B.1.1.7.7
Q.8	B.1.1.7.8
L.1	B.1.1.10.1
L.2	B.1.1.10.2
L.3	B.1.1.10.3
D.2	B.1.1.25.2
D.3	B.1.1.25.3
D.4	B.1.1.25.4
D.5	B.1.1.25.5
P.1	B.1.1.28.1
P.1.1	B.1.1.28.1.1
P.1.2	B.1.1.28.1.2
P.1.3	B.1.1.28.1.3
P.1.4	B.1.1.28.1.4
P.1.5	B.1.1.28.1.5
P.1.6	B.1.1.28.1.6
P.1.7	B.1.1.28.1.7
P.1.8	B.1.1.28.1.8
P.1.9	B.1.1.28.1.9
P.1.10	B.1.1.28.1.10
P.1.10.1	B.1.1.28.1.10.1
P.1.10.2	B.1.1.28.1.10.2
P.1.11	B.1.1.28.1.11
P.1.12	B.1.1.28.1.12
P.1.13	B.1.1.28.1.13
P.1.14	B.1.1.28.1.14
P.1.15	B.1.1.28.1.15
P.1.16	B.1.1.28.1.16
P.1.17	B.1.1.28.1.17
P.1.17.1	B.1.1.28.1.17.1
P.2	B.1.1.28.2
P.3	B.1.1.28.3
P.4	B.1.1.28.4
P.5	B.1.1.28.5
P.6	B.1.1.28.6
P.7	B.1.1.28.7
N.1	B.1.1.33.1
N.2	B.1.1.33.2
N.3	B.1.1.33.3
N.4	B.1.1.33.4
N.5	B.1.1.33.5
N.6	B.1.1.33.6
N.7	B.1.1.33.7
N.8	B.1.1.33.8
N.9	B.1.1.33.9
N.10	B.1.1.33.10
AQ.1	B.1.1.39.1
AQ.2	B.1.1.39.2
AP.1	B.1.1.70.1
AN.1	B.1.1.200.1
AM.1	B.1.1.216.1
AM.2	B.1.1.216.2
AM.3	B.1.1.216.3
AM.4	B.1.1.216.4
S.1	B.1.1.217.1
AL.1	B.1.1.231.1
AK.1	B.1.1.232.1
AK.2	B.1.1.232.2
AH.1	B.1.1.241.1
AH.2	B.1.1.241.2
AH.3	B.1.1.241.3
AJ.1	B.1.1.240.1
K.1	B.1.1.277.1
K.2	B.1.1.277.2
K.3	B.1.1.277.3
M.1	B.1.1.294.1
M.2	B.1.1.294.2
M.3	B.1.1.294.3
AG.1	B.1.1.297.1
AF.1	B.1.1.305.1
AE.1	B.1.1.306.1
AE.2	B.1.1.306.2
AE.3	B.1.1.306.3
AE.4	B.1.1.306.4
AE.5	B.1.1.306.5
AE.6	B.1.1.306.6
AE.7	B.1.1.306.7
AE.8	B.1.1.306.8
AD.1	B.1.1.315.1
AD.2	B.1.1.315.2
AD.2.1	B.1.1.315.2.1
R.1	B.1.1.316.1
R.2	B.1.1.316.2
AS.1	B.1.1.317.1
AS.2	B.1.1.317.2
AZ.1	B.1.1.318.1
AZ.2	B.1.1.318.2
AZ.2.1	B.1.1.318.2.1
AZ.3	B.1.1.318.3
AZ.4	B.1.1.318.4
AZ.5	B.1.1.318.5
AZ.6	B.1.1.318.6
AT.1	B.1.1.370.1
AC.1	B.1.1.405.1
AW.1	B.1.1.464.1
AV.1	B.1.1.482.1
AB.1	B.1.160.16.1
AA.1	B.1.177.15.1
AA.2	B.1.177.15.2
AA.3	B.1.177.15.3
AA.4	B.1.177.15.4
AA.5	B.1.177.15.5
AA.6	B.1.177.15.6
AA.7	B.1.177.15.7
AA.8	B.1.177.15.8
Z.1	B.1.177.50.1
Y.1	B.1.177.52.1
W.1	B.1.177.53.1
W.2	B.1.177.53.2
W.3	B.1.177.53.3
W.4	B.1.177.53.4
V.1	B.1.177.54.1
V.2	B.1.177.54.2
U.1	B.1.177.60.1
U.2	B.1.177.60.2
U.3	B.1.177.60.3
G.1	B.1.258.2.1
AU.1	B.1.466.2.1
AU.2	B.1.466.2.2
AU.3	B.1.466.2.3
AY.1	B.1.617.2.1
AY.2	B.1.617.2.2
AY.3	B.1.617.2.3
AY.3.1	B.1.617.2.3.1
AY.4	B.1.617.2.4
AY.4.1	B.1.617.2.4.1
AY.4.2	B.1.617.2.4.2
AY.4.3	B.1.617.2.4.3
AY.4.4	B.1.617.2.4.4
AY.4.5	B.1.617.2.4.5
AY.5	B.1.617.2.5
AY.5.1	B.1.617.2.5.1
AY.5.2	B.1.617.2.5.2
AY.5.3	B.1.617.2.5.3
AY.5.4	B.1.617.2.5.4
AY.6	B.1.617.2.6
AY.7	B.1.617.2.7
AY.7.1	B.1.617.2.7.1
AY.7.2	B.1.617.2.7.2
AY.8	B.1.617.2.8
AY.9	B.1.617.2.9
AY.9.1	B.1.617.2.9.1
AY.9.2	B.1.617.2.9.2
AY.9.2.1	B.1.617.2.9.2.1
AY.10	B.1.617.2.10
AY.11	B.1.617.2.11
AY.12	B.1.617.2.12
AY.13	B.1.617.2.13
AY.14	B.1.617.2.14
AY.15	B.1.617.2.15
AY.16	B.1.617.2.16
AY.16.1	B.1.617.2.16.1
AY.17	B.1.617.2.17
AY.18	B.1.617.2.18
AY.19	B.1.617.2.19
AY.20	B.1.617.2.20
AY.21	B.1.617.2.21
AY.22	B.1.617.2.22
AY.23	B.1.617.2.23
AY.23.1	B.1.617.2.23.1
AY.24	B.1.617.2.24
AY.25	B.1.617.2.25
AY.26	B.1.617.2.26
AY.27	B.1.617.2.27
AY.28	B.1.617.2.28
AY.29	B.1.617.2.29
AY.29.1	B.1.617.2.29.1
AY.30	B.1.617.2.30
AY.31	B.1.617.2.31
AY.32	B.1.617.2.32
AY.33	B.1.617.2.33
AY.34	B.1.617.2.34
AY.34.1	B.1.617.2.34.1
AY.35	B.1.617.2.35
AY.36	B.1.617.2.36
AY.37	B.1.617.2.37
AY.38	B.1.617.2.38
AY.39	B.1.617.2.39
AY.39.1	B.1.617.2.39.1
AY.39.1.1	B.1.617.2.39.1.1
AY.39.2	B.1.617.2.39.2
AY.40	B.1.617.2.40
AY.41	B.1.617.2.41
AY.42	B.1.617.2.42
AY.43	B.1.617.2.43
AY.44	B.1.617.2.44
AY.45	B.1.617.2.45
AY.46	B.1.617.2.46
AY.46.1	B.1.617.2.46.1
AY.46.2	B.1.617.2.46.2
AY.46.3	B.1.617.2.46.3
AY.46.4	B.1.617.2.46.4
AY.46.5	B.1.617.2.46.5
AY.46.6	B.1.617.2.46.6
AY.47	B.1.617.2.47
AY.48	B.1.617.2.48
AY.49	B.1.617.2.49
AY.50	B.1.617.2.50
AY.51	B.1.617.2.51
AY.52	B.1.617.2.52
AY.53	B.1.617.2.53
AY.54	B.1.617.2.54
AY.55	B.1.617.2.55
AY.56	B.1.617.2.56
AY.57	B.1.617.2.57
AY.58	B.1.617.2.58
AY.59	B.1.617.2.59
AY.60	B.1.617.2.60
AY.61	B.1.617.2.61
AY.62	B.1.617.2.62
AY.63	B.1.617.2.63
AY.64	B.1.617.2.64
AY.65	B.1.617.2.65
AY.66	B.1.617.2.66
AY.67	B.1.617.2.67
AY.68	B.1.617.2.68
AY.69	B.1.617.2.69
AY.70	B.1.617.2.70
AY.71	B.1.617.2.71
AY.72	B.1.617.2.72
AY.73	B.1.617.2.73
AY.74	B.1.617.2.74
AY.75	B.1.617.2.75
AY.75.1	B.1.617.2.75.1
AY.76	B.1.617.2.76
AY.77	B.1.617.2.77
AY.78	B.1.617.2.78
AY.79	B.1.617.2.79
AY.80	B.1.617.2.80
AY.81	B.1.617.2.81
AY.82	B.1.617.2.82
AY.83	B.1.617.2.83
AY.84	B.1.617.2.84
AY.85	B.1.617.2.85
AY.86	B.1.617.2.86
AY.87	B.1.617.2.87
AY.88	B.1.617.2.88
AY.89	B.1.617.2.89
AY.90	B.1.617.2.90
AY.91	B.1.617.2.91
AY.91.1	B.1.617.2.91.1
AY.92	B.1.617.2.92
AY.93	B.1.617.2.93
AY.94	B.1.617.2.94
AY.95	B.1.617.2.95
AY.96	B.1.617.2.96
AY.97	B.1.617.2.97
AY.98	B.1.617.2.98
AY.98.1	B.1.617.2.98.1
AY.99	B.1.617.2.99
AY.99.1	B.1.617.2.99.1
AY.99.2	B.1.617.2.99.2
AY.100	B.1.617.2.100
AY.101	B.1.617.2.101
AY.102	B.1.617.2.102
AY.103	B.1.617.2.103
AY.104	B.1.617.2.104
AY.105	B.1.617.2.105
AY.106	B.1.617.2.106
AY.107	B.1.617.2.107
AY.108	B.1.617.2.108
AY.109	B.1.617.2.109
AY.110	B.1.617.2.110
AY.111	B.1.617.2.111
AY.112	B.1.617.2.112
AY.113	B.1.617.2.113
AY.114	B.1.617.2.114
AY.115	B.1.617.2.115
AY.116	B.1.617.2.116
AY.116.1	B.1.617.2.116.1
AY.117	B.1.617.2.117
